GMP,n_sat,n_int,int_frac,int_frac_percentage
3254,25.0,0.0,0.0,0.0
3269,34.0,0.0,0.0,0.0
3291,31.0,0.0,0.0,0.0
3329,402.0,0.0,0.0,0.0
3352,12.0,1.0,0.07692307692307693,7.6923076923076925
3367,14.0,0.0,0.0,0.0
3414,15.0,0.0,0.0,0.0
3484,39.0,0.0,0.0,0.0
3534,75.0,0.0,0.0,0.0
3565,90.0,2.0,0.021739130434782608,2.1739130434782608
3639,15.0,0.0,0.0,0.0
3664,28.0,0.0,0.0,0.0
