Rvir,Rvir+,Rvir-,Mvir,Mvir+,Mvir-,sig1d,sig1d+,sig1d-,sig3d,sig3d+,sig3d-
2.995425704589051,3.295425704589051,2.6954257045890513,1528964189581547.2,2035899012328574.0,1114047616714146.6,1114.2347332246416,1225.8283606196674,1002.6411058296162,1929.9111695030329,2123.1970019521277,1736.625337053939
