Mhost,Msat,R,V
596146228685329.4,920039865666.1742,0.08264881693594364,0.21719425717417448
611816842317140.2,857115238097.4889,0.10103275957590016,0.2545027585614088
