Mhost,Msat,R,V
361573117401429.8,994977813175.7754,0.04747813367230185,0.9079719171496656
