Mhost,Msat,R,V
474446088104271.75,2750369350333.8257,0.06896164171947725,1.490491524727771
494781412108478.56,429246666682.4224,0.09707879300571318,1.4583328005786689
