Mhost,Msat,R,V
710573136359042.8,206598222652.88034,0.07856088382174928,0.05222957867598449
2067459351048319.2,104598674717.87296,0.02004933713324548,0.0024137333207967697
