Mhost,Msat,R,V
679664696835781.4,120211670782.86555,0.06227916513323315,0.5422433136065592
