Mhost,Msat,R,V
2067459351048319.2,1050122630239.2908,0.04618445765844141,0.7436178210452731
547070914130434.3,233677997943.87,0.05743169435323975,0.7367413314895197
