Mhost,Msat,R,V
596146228685329.4,920039865666.1742,0.08264881693594364,0.21719425717417448
