Mhost,Msat,R,V
1309502202110109.2,177449041677.99112,0.0502432407124112,0.14198143233091898
511226008029967.5,103559827474.15063,0.029589991785439192,0.12997180775361528
