Mhost,Msat,R,V
2067459351048319.2,104598674717.87296,0.02004933713324548,0.0024137333207967697
