Mhost,Msat,R,V
678729683010552.4,730084205282.1271,0.07200475327758067,1.1791020657777471
