Mhost,Msat,R,V
844525898342097.4,2008375211296.8982,0.03043060648320965,0.039288396606530634
