Mhost,Msat,R,V
506646992802221.5,229443133258.4933,0.027711435220655927,0.2033717196070258
