Mhost,Msat,R,V
792958634404490.4,1442441648590.8418,0.04676089556563996,1.3111869725840055
