Mhost,Msat,R,V
710573136359042.8,206598222652.88034,0.07856088382174928,0.05222957867598449
668779926562788.8,370999997825.7016,0.06306988434900353,0.05556889503030971
