Mhost,Msat,R,V
507976382721134.4,97828658292.46677,0.07770919900678999,0.6446033071982414
