Mhost,Msat,R,V
474446088104271.75,2750369350333.8257,0.06896164171947725,1.490491524727771
