Mhost,Msat,R,V
88806649111822.73,1980797623775.48,0.049985888730713794,0.3531438815042855
