Mhost,Msat,R,V
433481529044514.0,4715406388939.438,0.05833607564253467,0.4870312007990095
172426883344259.97,1763663206475.6277,0.053780789146982776,0.5647575415536906
