Mhost,Msat,R,V
766912861533400.2,136858637612.99852,0.026491929264237483,0.30098335844424745
170704579452407.66,122289510475.62775,0.02370041218464893,0.2924318549867924
136978435000909.88,351747418375.18463,0.021424793323432362,0.3607338606130044
282556865967078.25,117090107367.7991,0.03577071729274985,0.3324641879639817
138015809669104.86,120206794304.2836,0.042424970702244214,0.3433408675945114
121516545300797.62,219596760673.5598,0.04400539281007843,0.2845638399689467
547070914130434.3,166026586375.18466,0.04456394166400614,0.3376067471510305
